{
  "tests": [
    {
      "name": "Test 1",
      "setup": "",
      "run": "grep 'TEST 01-accept-ping PASSING' out.log",
      "input": "",
      "output": "",
      "comparison": "included",
      "timeout": 10,
      "points": 10
    },
    {
      "name": "Test 2",
      "setup": "",
      "run": "grep 'TEST 02-pending-accept PASSING' out.log",
      "input": "",
      "output": "",
      "comparison": "included",
      "timeout": 10,
      "points": 10
    },
    {
      "name": "Test 3",
      "setup": "",
      "run": "grep 'TEST 03-many-pending-accept PASSING' out.log",
      "input": "",
      "output": "",
      "comparison": "included",
      "timeout": 10,
      "points": 10
    },
    {
      "name": "Test 4",
      "setup": "",
      "run": "grep 'TEST 04-ping-echo PASSING' out.log",
      "input": "",
      "output": "",
      "comparison": "included",
      "timeout": 10,
      "points": 10
    },
    {
      "name": "Test 5",
      "setup": "",
      "run": "grep 'TEST 05-file PASSING' out.log",
      "input": "",
      "output": "",
      "comparison": "included",
      "timeout": 10,
      "points": 10
    },
    {
      "name": "Test 6",
      "setup": "",
      "run": "grep 'TEST 06-ping-echo-write-read-file PASSING' out.log",
      "input": "",
      "output": "",
      "comparison": "included",
      "timeout": 10,
      "points": 10
    },
    {
      "name": "Test 9",
      "setup": "",
      "run": "grep 'TEST 09-pool PASSING' out.log",
      "input": "",
      "output": "",
      "comparison": "included",
      "timeout": 10,
      "points": 10
    },
    {
      "name": "Test 10",
      "setup": "",
      "run": "grep 'TEST 10-pool PASSING' out.log",
      "input": "",
      "output": "",
      "comparison": "included",
      "timeout": 10,
      "points": 10
    }
  ]
}
